nazwa,email,www,typ,miasto
 SZKOŁA POLICEALNA FARMACEUTYCZNA W KĘTRZYNIE, stopka.ketrzyn@wp.pl, http://, Typ: Szkoła policealna,Kętrzyn
 SZKOŁA POLICEALNA MEDYCZNA W IŁAWIE, studiumstopka@wp.pl, http://www.szkoly.stopkapress.com.pl, Typ: Szkoła policealna,Iława
AKADEMICKI ZESPÓŁ PLACÓWEK OŚWIATOWYCH - LICEUM OGÓLNOKSZTAŁCĄCE W FIJEWIE, akademickizespol@gmail.com, http://www.szkolalubawa.pl, Typ: Liceum ogólnokształcące,Lubawa
AKSA LICEUM OGÓLNOKSZTAŁCĄCE W OLSZTYNIE, sekretariat@akademickieszkoly.pl, http://www.szkolyatena.pl, Typ: Liceum ogólnokształcące,Olsztyn
AKSA SZKOŁA POLICEALNA Z SIEDZIBĄ W OLSZTYNIE, sekretariat@akademickieszkoly.pl, http://www.szkolyatena.pl, Typ: Szkoła policealna,Olsztyn
ATUT LIDER KSZTAŁCENIA LICEUM OGÓLNOKSZTAŁCĄCE DLA DOROSŁYCH W OLSZTYNIE, olsztyn@apedukacja.pl, http://www.apedukacja.pl, Typ: Liceum ogólnokształcące,Olsztyn
ATUT LIDER KSZTAŁCENIA LICEUM OGÓLNOKSZTAŁCĄCE DLA MŁODZIEŻY, olsztyn@atutszkola.pl, https://atutszkola.pl/oddzialy/olsztyn/, Typ: Liceum ogólnokształcące,Olsztyn
ATUT LIDER KSZTAŁCENIA POLICEALNA SZKOŁA ROZWOJU ZAWODOWEGO W OLSZTYNIE, olsztyn@apedukacja.pl, http://www.apedukacja.pl, Typ: Szkoła policealna,Olsztyn
ATUT LIDER KSZTAŁCENIA POLICEALNA SZKOŁA ZAWODOWA W OLSZTYNIE, olsztyn@stutszkola.pl, http://www.atutszkola.pl, Typ: Szkoła policealna,Olsztyn
ATUT LIDER KSZTAŁCENIA POLICELANA SZKOŁA MEDYCZNA W OLSZTYNIE, olsztyn@atutszkola.pl, http://www.atutszkola.pl, Typ: Szkoła policealna,Olsztyn
GREENEDU LICEUM OGÓLNOKSZTAŁCĄCE DLA DOROSŁYCH W OLSZTYNIE, zettaspzoo@wp.pl, http://, Typ: Liceum ogólnokształcące,Olsztyn
GREENEDU LICEUM OGÓLNOKSZTAŁCĄCE DLA MŁODZIEŻY W OLSZTYNIE, zettaspzoo@wp.pl, http://, Typ: Liceum ogólnokształcące,Olsztyn
GREENEDU SZKOŁA POLICEALNA W OLSZTYNIE, zettaspzoo@wp.pl, http://, Typ: Szkoła policealna,Olsztyn
I LICEUM OGÓLNOKSZTAŁCĄCE CN-B IM. POLSKICH SPADOCHRONIARZY W KĘTRZYNIE, ketrzyn@cnb-feniks.edu.pl, http://www.szkolyfeniks.pl, Typ: Liceum ogólnokształcące,Kętrzyn
I LICEUM OGÓLNOKSZTAŁCĄCE DLA DOROSŁYCH W ZESPOLE SZKÓŁ W PASŁĘKU, zspaslek@wp.pl, http://zspaslek.edu.pl, Typ: Liceum ogólnokształcące,Pasłęk
I LICEUM OGÓLNOKSZTAŁCĄCE IM JULIUSZA SŁOWACKIEGO W ELBLĄGU, zso@elblag.eu, http://www.zsoelblag.pl, Typ: Liceum ogólnokształcące,Elbląg
I LICEUM OGÓLNOKSZTAŁCĄCE IM. ADAMA MICKIEWICZA W OLSZTYNIE, liceum@lo1.olsztyn.eu, http://www.lo1.olsztyn.pl, Typ: Liceum ogólnokształcące,Olsztyn
I LICEUM OGÓLNOKSZTAŁCĄCE IM. BOJOWNIKÓW O POLSKOŚĆ MAZUR W PISZU, 1lo.wpiszu@gmail.com, http://www.zso.pisz.pl, Typ: Liceum ogólnokształcące,Pisz
I LICEUM OGÓLNOKSZTAŁCĄCE IM. JACKA KACZMARSKIEGO W OLSZTYNKU, zs.olsztynek@zamek.edu.pl, http://www.zamek.edu.pl, Typ: Liceum ogólnokształcące,Olsztynek
I LICEUM OGÓLNOKSZTAŁCĄCE IM. JANA KOCHANOWSKIEGO W OLECKU, sekretariat@lo.olecko.pl, http://www.lo.olecko.pl, Typ: Liceum ogólnokształcące,Olecko
I LICEUM OGÓLNOKSZTAŁCĄCE IM. OBROŃCÓW WESTERPLATTE W MRĄGOWIE, mraglo@wp.pl, http://www.lo1.mragowo.pl, Typ: Liceum ogólnokształcące,Mrągowo
I LICEUM OGÓLNOKSZTAŁCĄCE IM. STEFANA ŻEROMSKIEGO, liceumilawa@poczta.onet.pl, http://www.zsog.ilawa.pl, Typ: Liceum ogólnokształcące,Iława
I LICEUM OGÓLNOKSZTAŁCĄCE IM. STEFANA ŻEROMSKIEGO W EŁKU, lo1@elk.edu.pl, http://lo1.elk.edu.pl, Typ: Liceum ogólnokształcące,Ełk
I LICEUM OGÓLNOKSZTAŁCĄCE IM. WOJCIECHA KĘTRZYŃSKIEGO, lo1gizycko@poczta.onet.pl, http://www.lo1.gizycko.edu.pl, Typ: Liceum ogólnokształcące,Giżycko
I LICEUM OGÓLNOKSZTAŁCĄCE IM. WOJCIECHA KĘTRZYŃSKIEGO W KĘTRZYNIE, lo_ketrzyn.zso@poczta.onet.pl, http://, Typ: Liceum ogólnokształcące,Kętrzyn
I LICEUM OGÓLNOKSZTAŁCĄCE W ZESPOLE SZKÓŁ W PASŁĘKU, zspaslek@wp.pl, http://zspaslek.edu.pl, Typ: Liceum ogólnokształcące,Pasłęk
I LICEUM OGÓLNOKSZTAŁCĄCE Z ODDZIAŁAMI DWUJĘZYCZNYMI IM. STEFANA ŻEROMSKIEGO W DZIAŁDOWIE, zsnr1@o2.pl, http://www.zsnr1.eu, Typ: Liceum ogólnokształcące,Działdowo
II LICEUM OGÓLNOKSZTAŁCĄCE, lo2pisz@gmail.com, http://www.zs1.pisz.pl, Typ: Liceum ogólnokształcące,Pisz
II LICEUM OGÓLNOKSZTAŁCĄCE, zsilawa@powiat-ilawski.pl, http://www.zsilawa.pl, Typ: Liceum ogólnokształcące,Iława
II LICEUM OGÓLNOKSZTAŁCĄCE, zsliz.olecko1@gmail.com, http://www.zsliz.olecko.szkolnastrona.pl, Typ: Liceum ogólnokształcące,Olecko
II LICEUM OGÓLNOKSZTAŁCĄCE DLA DOROSŁYCH, zst@zst.olecko.pl, http://www.zst.olecko.pl, Typ: Liceum ogólnokształcące,Olecko
II LICEUM OGÓLNOKSZTAŁCĄCE DLA DOROSŁYCH W BISKUPCU, zsbiskupiec@interia.pl, http://www.zslo.net.pl, Typ: Liceum ogólnokształcące,Biskupiec
II LICEUM OGÓLNOKSZTAŁCĄCE DLA DOROSŁYCH W ZESPOLE SZKÓŁ EKONOMICZNYCH I TECHNICZNYCH W PASŁĘKU, zseitpaslek@elblag.net, http://www.zseit.paslek.edu.pl/, Typ: Liceum ogólnokształcące,Pasłęk
II LICEUM OGÓLNOKSZTAŁCĄCE IM. GUSTAWA GIZEWIUSZA, sekretariat1@poczta.onet.pl, http://www.lo2.eu, Typ: Liceum ogólnokształcące,Giżycko
II LICEUM OGÓLNOKSZTAŁCĄCE IM. KONSTANTEGO ILDEFONSA GAŁCZYŃSKIEGO W OLSZTYNIE, szkola@zso1.olsztyn.pl, http://www.zso1.olsztyn.pl, Typ: Liceum ogólnokształcące,Olsztyn
II LICEUM OGÓLNOKSZTAŁCĄCE MISTRZOSTWA SPORTOWEGO W MRĄGOWIE, baza.sekretariat@op.pl, http://, Typ: Liceum ogólnokształcące,Mrągowo
II LICEUM OGÓLNOKSZTAŁCĄCE W EŁKU, sekretariatzs2@zs2.elk.pl, http://zs2.elk.pl, Typ: Liceum ogólnokształcące,Ełk
II LICEUM OGÓLNOKSZTAŁCĄCE W KĘTRZYNIE,, http://, Typ: Liceum ogólnokształcące,Kętrzyn
II LICEUM OGÓLNOKSZTAŁCĄCE W ZESPOLE SZKÓŁ EKONOMICZNYCH I TECHNICZNYCH W PASŁĘKU, zseitpaslek@elblag.net, http://www.zseit.paslek.edu.pl/, Typ: Liceum ogólnokształcące,Pasłęk
II LICEUM OGÓLNOKSZTAŁCĄCE Z ODDZIAŁAMI DWUJĘZYCZNYMI IM. KAZIMIERZA JAGIELLOŃCZYKA W ELBLĄGU, 2lo@elblag.eu, http://www.2lo.elblag.pl, Typ: Liceum ogólnokształcące,Elbląg
II LICEUM OGÓLNOKSZTAŁCĄCE Z ODDZIAŁAMI DWUJĘZYCZNYMI W ZESPOLE SZKÓŁ NR 2 IM.JANA PAWŁA II DZIAŁDOWIE, zs2dzialdowo@wp.pl, http://zs2dzialdowo.pl, Typ: Liceum ogólnokształcące,Działdowo
II PRYWATNE LICEUM OGÓLNOKSZTAŁCĄCE W KĘTRZYNIE, sekretariat@prywgim.pl, http://www.prywgim.pl/, Typ: Liceum ogólnokształcące,Kętrzyn
III LICEUM OGÓLNOKSZTAŁCĄCE, zsilawa@poczta.onet.pl, http://www.zs-ilawa.pl, Typ: Liceum ogólnokształcące,Iława
III LICEUM OGÓLNOKSZTAŁCĄCE IM. JANA PAWŁA II W ELBLĄGU, 3lo@elblag.eu, http://www.3lo.elblag.pl, Typ: Liceum ogólnokształcące,Elbląg
III LICEUM OGÓLNOKSZTAŁCĄCE IM. MIKOŁAJA KOPERNIKA W OLSZTYNIE, lo3@lo3.olsztyn.eu, http://www.lo3.olsztyn.pl, Typ: Liceum ogólnokształcące,Olsztyn
IV LICEUM OGÓLNOKSZTAŁCĄCE IM. KOMISJI EDUKACJI NARODOWEJ W ELBLĄGU, 4lo@elblag.eu, http://www.liceum.elblag.pl, Typ: Liceum ogólnokształcące,Elbląg
IV LICEUM OGÓLNOKSZTAŁCĄCE IM. MARII SKŁODOWSKIEJ-CURIE W OLSZTYNIE, sekretariat@zso2.olsztyn.eu, http://www.4lo.pl, Typ: Liceum ogólnokształcące,Olsztyn
IX LICEUM OGÓLNOKSZTAŁCĄCE Z ODDZIAŁAMI INTEGRACYJNYMI W OLSZTYNIE, szkola.lo9@zso3.olsztyn.eu, http://www.lo9.zso3.olsztyn.pl, Typ: Liceum ogólnokształcące,Olsztyn
KATOLICKIE LICEUM OGÓLNOKSZTAŁCĄCE IM. JANA PAWŁA II W BISKUPCU, kgs_bc@wp.pl, http://, Typ: Liceum ogólnokształcące,Biskupiec
KATOLICKIE LICEUM OGÓLNOKSZTAŁCĄCE W LIDZBARKU WARMIŃSKIM, klolidzbark@gmail.com, http://www.liceumlidzbark.pl/index, Typ: Liceum ogólnokształcące,LidzbarkWarmiński
KATOLICKIE LICEUM OGÓLNOKSZTAŁCĄCE W PISZU, zsk.pisz@neostrada.pl, http://www.zsk.pisz.pl, Typ: Liceum ogólnokształcące,Pisz
LICEUM OGÓLNOKSZTAŁCACE DLA DOROSŁYCH,, http://, Typ: Liceum ogólnokształcące,Nidzica
LICEUM OGÓLNOKSZTAŁCACE DLA DOROSŁYCH W NIDZICY,, http://, Typ: Liceum ogólnokształcące,Nidzica
LICEUM OGÓLNOKSZTAŁCACE DLA DOROSŁYCH W SZCZYTNIE,, http://, Typ: Liceum ogólnokształcące,Szczytno
LICEUM OGÓLNOKSZTAŁCACE DLA DOROSŁYCH ZAKŁADU DOSKONALENIA ZAWODOWEGO W BIAŁYMSTOKU Z/S W WĘGORZEWIE, wegorzewo@zdz.bialystok.pl, http://www.zdz.bialystok.pl, Typ: Liceum ogólnokształcące,Węgorzewo
LICEUM OGÓLNOKSZTAŁCACE SŁUŻB MUNDUROWYCH W BIELICACH, zs.bielice@wp.pl, http://www.bielice.com, Typ: Liceum ogólnokształcące,Krotoszyny
LICEUM OGÓLNOKSZTAŁCĄCE, gim-nida@o2.pl, http://www.gim-nida.mazury.pl, Typ: Liceum ogólnokształcące,Ruciane-Nida
LICEUM OGÓLNOKSZTAŁCĄCE,, http://, Typ: Liceum ogólnokształcące,Szczytno
LICEUM OGÓLNOKSZTAŁCĄCE, zs2szczytno@poczta.onet.pl, http://zs2.powiatszczycienski.pl/, Typ: Liceum ogólnokształcące,Szczytno
LICEUM OGÓLNOKSZTAŁCĄCE, zspjeziorany@wp.pl, http://www.zspjeziorany.szkolnastrona.pl, Typ: Liceum ogólnokształcące,Jeziorany
LICEUM OGÓLNOKSZTAŁCĄCE, zs2szczytno@poczta.onet.pl, http://zs2.powiatszczycienski.pl/, Typ: Liceum ogólnokształcące,Szczytno
LICEUM OGÓLNOKSZTAŁCĄCE, zspjeziorany@wp.pl, http://www.zspjeziorany.szkolnastrona.pl, Typ: Liceum ogólnokształcące,Jeziorany
LICEUM OGÓLNOKSZTAŁCĄCE, kisielicerol@pro.onet.pl, http://www.zsr-kisielice.pl, Typ: Liceum ogólnokształcące,Kisielice
LICEUM OGÓLNOKSZTAŁCĄCE, zsimc.k.norwida@wp.pl, http://www.norwid.eu, Typ: Liceum ogólnokształcące,NoweMiastoLubawskie
LICEUM OGÓLNOKSZTAŁCĄCE, zssusz@wp.pl, http://www.zssusz.home.pl, Typ: Liceum ogólnokształcące,Susz
LICEUM OGÓLNOKSZTAŁCĄCE "EPROM" W OLSZTYNIE, danawasilewska@interia.pl, http://www.eprom.go3.pl, Typ: Liceum ogólnokształcące,Olsztyn
LICEUM OGÓLNOKSZTAŁCĄCE "OSKAR", patoslubin@wp.pl, http://www.oskar.olsztyn.pl, Typ: Liceum ogólnokształcące,Olsztyn
LICEUM OGÓLNOKSZTAŁCĄCE "OSKAR", patoslubin@wp.pl, http://www.oskar.olsztyn.pl, Typ: Liceum ogólnokształcące,Olsztyn
LICEUM OGÓLNOKSZTAŁCĄCE "PATOS" W OLSZTYNIE, oskar@oskar.olsztyn.pl, http://www.patosolsztyn.pl, Typ: Liceum ogólnokształcące,Olsztyn
LICEUM OGÓLNOKSZTAŁCĄCE CN-B IM. CICHOCIEMNYCH W OLSZTYNIE, olsztyn@cnb-feniks.edu.pl, http://www.szkolyfeniks.pl, Typ: Liceum ogólnokształcące,Olsztyn
LICEUM OGÓLNOKSZTAŁCĄCE DAR W DZIAŁDOWIE, liceum.dzialdowo@darsa.pl, http://www.edukacja.darsa.pl, Typ: Liceum ogólnokształcące,Działdowo
LICEUM OGÓLNOKSZTAŁCĄCE DLA DOROSŁYCH, m.kluz@wmzdz.pl, http://www.szkola.wmzdz.pl, Typ: Liceum ogólnokształcące,Olsztyn
LICEUM OGÓLNOKSZTAŁCĄCE DLA DOROSŁYCH, zs2szczytno@poczta.onet.pl, http://zs2.powiatszczycienski.pl, Typ: Liceum ogólnokształcące,Szczytno
LICEUM OGÓLNOKSZTAŁCĄCE DLA DOROSŁYCH, zszgoldap@post.pl, http://, Typ: Liceum ogólnokształcące,Gołdap
LICEUM OGÓLNOKSZTAŁCĄCE DLA DOROSŁYCH,, http://, Typ: Liceum ogólnokształcące,LidzbarkWarmiński
LICEUM OGÓLNOKSZTAŁCĄCE DLA DOROSŁYCH, sekretariat.zszbraniewo@gmail.com, http://www.zszbraniewo.pl, Typ: Liceum ogólnokształcące,Braniewo
LICEUM OGÓLNOKSZTAŁCĄCE DLA DOROSŁYCH, cku@darsa.pl, http://www.edukacja.darsa.pl, Typ: Liceum ogólnokształcące,Działdowo
LICEUM OGÓLNOKSZTAŁCĄCE DLA DOROSŁYCH, zsilawa@poczta.onet.pl, http://www.zs-ilawa.pl, Typ: Liceum ogólnokształcące,Iława
LICEUM OGÓLNOKSZTAŁCĄCE DLA DOROSŁYCH, zs-sekretariat@zs.lubawa.pl, http://, Typ: Liceum ogólnokształcące,Lubawa
LICEUM OGÓLNOKSZTAŁCĄCE DLA DOROSŁYCH, cku_ilawa@sw.gov.pl, http://, Typ: Liceum ogólnokształcące,Iława
LICEUM OGÓLNOKSZTAŁCĄCE DLA DOROSŁYCH, zszgoldap@post.pl, http://, Typ: Liceum ogólnokształcące,Gołdap
LICEUM OGÓLNOKSZTAŁCĄCE DLA DOROSŁYCH, sekretariat.zszbraniewo@gmail.com, http://www.zszbraniewo.pl, Typ: Liceum ogólnokształcące,Braniewo
LICEUM OGÓLNOKSZTAŁCĄCE DLA DOROSŁYCH,, http://, Typ: Liceum ogólnokształcące,LidzbarkWarmiński
LICEUM OGÓLNOKSZTAŁCĄCE DLA DOROSŁYCH, cku@darsa.pl, http://www.edukacja.darsa.pl, Typ: Liceum ogólnokształcące,Działdowo
LICEUM OGÓLNOKSZTAŁCĄCE DLA DOROSŁYCH, zsilawa@poczta.onet.pl, http://www.zs-ilawa.pl, Typ: Liceum ogólnokształcące,Iława
LICEUM OGÓLNOKSZTAŁCĄCE DLA DOROSŁYCH, zs-sekretariat@zs.lubawa.pl, http://, Typ: Liceum ogólnokształcące,Lubawa
LICEUM OGÓLNOKSZTAŁCĄCE DLA DOROSŁYCH, cku_ilawa@sw.gov.pl, http://, Typ: Liceum ogólnokształcące,Iława
LICEUM OGÓLNOKSZTAŁCĄCE DLA DOROSŁYCH  "ALFA" W IŁAWIE, alfailawa@wp.pl, http://, Typ: Liceum ogólnokształcące,Iława
LICEUM OGÓLNOKSZTAŁCĄCE DLA DOROSŁYCH "BIO-COSMETICS-STUDIO" W OLSZTYNIE, bcs@bcs.olsztyn.pl, http://bcs.infowm.pl, Typ: Liceum ogólnokształcące,Olsztyn
LICEUM OGÓLNOKSZTAŁCĄCE DLA DOROSŁYCH "PASCAL" W EŁKU, a.lampka@pascal.edu.pl, http://, Typ: Liceum ogólnokształcące,Ełk
LICEUM OGÓLNOKSZTAŁCĄCE DLA DOROSŁYCH "PASCAL" W OSTRÓDZIE, ostroda@pascal.edu.pl, http://www.pascal.edu.pl, Typ: Liceum ogólnokształcące,Ostróda
LICEUM OGÓLNOKSZTAŁCĄCE DLA DOROSŁYCH "STOPKA" W KĘTRZYNIE, stopka@stopkapress.com.pl, http://www.stopkapress.com.pl, Typ: Liceum ogólnokształcące,Kętrzyn
LICEUM OGÓLNOKSZTAŁCĄCE DLA DOROSŁYCH "ŻAK" W ELBLĄGU, elblag@zak.edu.pl, http://www.elblag.zak.edu.pl, Typ: Liceum ogólnokształcące,Elbląg
LICEUM OGÓLNOKSZTAŁCĄCE DLA DOROSŁYCH "ŻAK" W OLSZTYNIE, olsztyn@zak.edu.pl, http://www.zak.edu.pl, Typ: Liceum ogólnokształcące,Olsztyn
LICEUM OGÓLNOKSZTAŁCĄCE DLA DOROSŁYCH NR 1 W BARTOSZYCACH,, http://, Typ: Liceum ogólnokształcące,Bartoszyce
LICEUM OGÓLNOKSZTAŁCĄCE DLA DOROSŁYCH NR III W MORĄGU, lomorag@poczta.fm, http://www.zsl-13.pl, Typ: Liceum ogólnokształcące,Morąg
LICEUM OGÓLNOKSZTAŁCĄCE DLA DOROSŁYCH NR IV W MORĄGU, mgzszio@poczta.onet.pl, http://www.zsziomorag.internetdsl.pl, Typ: Liceum ogólnokształcące,Morąg
LICEUM OGÓLNOKSZTAŁCĄCE DLA DOROSŁYCH NR V W CENTRUM KSZTAŁCENIA USTAWICZNEGO W OSTRÓDZIE, cku2002@poczta.onet.pl, http://www.ckuostroda.pl, Typ: Liceum ogólnokształcące,Ostróda
LICEUM OGÓLNOKSZTAŁCĄCE DLA DOROSŁYCH NR VI W OSTRÓDZIE, sekretariat@rolnik.edu.pl, http://www.rolnik.edu.pl, Typ: Liceum ogólnokształcące,Ostróda
LICEUM OGÓLNOKSZTAŁCĄCE DLA DOROSŁYCH SCE,, http://, Typ: Liceum ogólnokształcące,Janowo
LICEUM OGÓLNOKSZTAŁCĄCE DLA DOROSŁYCH W BARCZEWIE,, http://, Typ: Liceum ogólnokształcące,Barczewo
LICEUM OGÓLNOKSZTAŁCĄCE DLA DOROSŁYCH W BRANIEWIE, braniewo@wmzdz.pl, http://www.szkolabraniewo.pl, Typ: Liceum ogólnokształcące,Braniewo
LICEUM OGÓLNOKSZTAŁCĄCE DLA DOROSŁYCH W DOBRYM MIEŚCIE, zsdm@zsdm.edu.pl, http://www.zsdm.edu.pl, Typ: Liceum ogólnokształcące,DobreMiasto
LICEUM OGÓLNOKSZTAŁCĄCE DLA DOROSŁYCH W EŁKU, szkola.beta@onet.pl, http://, Typ: Liceum ogólnokształcące,Ełk
LICEUM OGÓLNOKSZTAŁCĄCE DLA DOROSŁYCH W IŁAWIE, ilawa@wmzdz.pl, http://www.szkolailawa.pl, Typ: Liceum ogólnokształcące,Iława
LICEUM OGÓLNOKSZTAŁCĄCE DLA DOROSŁYCH W KĘTRZYNIE, ketrzyn@wmzdz.pl, http://szkolaketrzyn.pl/, Typ: Liceum ogólnokształcące,Kętrzyn
LICEUM OGÓLNOKSZTAŁCĄCE DLA DOROSŁYCH W KĘTRZYNIE,, http://, Typ: Liceum ogólnokształcące,Kętrzyn
LICEUM OGÓLNOKSZTAŁCĄCE DLA DOROSŁYCH W MRĄGOWIE,, http://, Typ: Liceum ogólnokształcące,Mrągowo
LICEUM OGÓLNOKSZTAŁCĄCE DLA DOROSŁYCH W MRĄGOWIE,, http://, Typ: Liceum ogólnokształcące,Mrągowo
LICEUM OGÓLNOKSZTAŁCĄCE DLA DOROSŁYCH W OLSZTYNIE, szkola@zso1.olsztyn.pl, http://www.zso1.olsztyn.pl, Typ: Liceum ogólnokształcące,Olsztyn
LICEUM OGÓLNOKSZTAŁCĄCE DLA DOROSŁYCH W OLSZTYNKU, zs.olsztynek@zamek.edu.pl, http://www.zamek.edu.pl, Typ: Liceum ogólnokształcące,Olsztynek
LICEUM OGÓLNOKSZTAŁCĄCE DLA DOROSŁYCH W PISZU W ZESPOLE PLACÓWEK KSZTAŁCENIA USTAWICZNEGO W PISZU, zpku@powiat.pisz.pl, http://www.zpkupisz.szkolnastrona.pl, Typ: Liceum ogólnokształcące,Pisz
LICEUM OGÓLNOKSZTAŁCĄCE DLA DOROSŁYCH W SZCZYTNIE,, http://, Typ: Liceum ogólnokształcące,Szczytno
LICEUM OGÓLNOKSZTAŁCĄCE DLA DOROSŁYCH W ŚWIĘTAJNIE,, http://, Typ: Liceum ogólnokształcące,Świętajno
LICEUM OGÓLNOKSZTAŁCĄCE DLA DOROSŁYCH W ZESPOLE SZKÓŁ OGÓLNOKSZTAŁCĄCYCH W LIDZBARKU WARMIŃSKIM,, http://, Typ: Liceum ogólnokształcące,LidzbarkWarmiński
LICEUM OGÓLNOKSZTAŁCĄCE DLA DOROSŁYCH W ZESPOLE SZKÓŁ PONADGIMNAZJALNYCH NR 1 IM. KRESOWIAKÓW W BARTOSZYCACH, sekretariat@mechaniak.edu.pl, http://, Typ: Liceum ogólnokształcące,Bartoszyce
LICEUM OGÓLNOKSZTAŁCĄCE DLA DOROSŁYCH W ZESPOLE SZKÓŁ ZAWODOWYCH CKU W ORNECIE,, http://, Typ: Liceum ogólnokształcące,Orneta
LICEUM OGÓLNOKSZTAŁCĄCE DLA DOROSŁYCH WCHODZĄCE W SKŁAD CENTRUM KSZTAŁCENIA ZAWODOWEGO I USTAWICZNEGO W ELBLĄGU, ckziu@elblag.eu, http://, Typ: Liceum ogólnokształcące,Elbląg
LICEUM OGÓLNOKSZTAŁCĄCE DLA DOROSŁYCH WCHODZĄCE W SKŁAD ZESPOŁU SZKÓŁ GOSPODARCZYCH W ELBLĄGU, zsg@elblag.eu, http://www.zsgelblag.pl, Typ: Liceum ogólnokształcące,Elbląg
LICEUM OGÓLNOKSZTAŁCĄCE DLA DOROSŁYCH ZAKŁADU DOSKONALENIA ZAWODOWEGO W BIAŁYMSTOKU Z SIEDZIBĄ W GIŻYCKU, gizycko@zdz.bialystok.pl, http://www.gizycko.zdz.bialystok.pl, Typ: Liceum ogólnokształcące,Giżycko
LICEUM OGÓLNOKSZTAŁCĄCE DLA DOROSŁYCH ZAKŁADU DOSKONALENIA ZAWODOWEGO W BIAŁYMSTOKU Z SIEDZIBĄ W OLECKU, olecko@zdz.bialystok.pl, http://olecko.zdz.bialystok.pl/szkola, Typ: Liceum ogólnokształcące,Olecko
LICEUM OGÓLNOKSZTAŁCĄCE DLA MŁODZIEŻY CENTRUM EDUKACJI MUNDUROWEJ WSFIZ EŁK, centrum.pasko@o2.pl, http://cem.elk.pl, Typ: Liceum ogólnokształcące,Ełk
LICEUM OGÓLNOKSZTAŁCĄCE IM. 9 BRANIEWSKIEJ BRYGADY KAWALERII PANCERNEJ IM. KRÓLA STEFANA BATOREGO, sekretariat@zsb.iq.pl, http://www.zsb.iq.pl, Typ: Liceum ogólnokształcące,Braniewo
LICEUM OGÓLNOKSZTAŁCĄCE IM. BOJOWNIKÓW O POLSKOŚĆ WARMII W ORNECIE, zso.orneta@op.pl, http://zsoorneta.szkolnastrona.pl, Typ: Liceum ogólnokształcące,Orneta
LICEUM OGÓLNOKSZTAŁCĄCE IM. BP. JANA CHRAPKA W RYBNIE, zsrybno@op.pl, http://zsrybno.edupage.org, Typ: Liceum ogólnokształcące,Rybno
LICEUM OGÓLNOKSZTAŁCĄCE IM. FELIKSA NOWOWIEJSKIEGO W BRANIEWIE, sekretariat@lobraniewo.pl, http://www.lobraniewo.pl, Typ: Liceum ogólnokształcące,Braniewo
LICEUM OGÓLNOKSZTAŁCĄCE IM. GEN.MARIUSZA ZARUSKIEGO, liceum@lowegorzewo.pl, http://www.lowegorzewo.pl, Typ: Liceum ogólnokształcące,Węgorzewo
LICEUM OGÓLNOKSZTAŁCĄCE IM. JANA PAWŁA II, logoldap@poczta.onet.pl, http://www.logoldap.szkolnastrona.pl/, Typ: Liceum ogólnokształcące,Gołdap
LICEUM OGÓLNOKSZTAŁCĄCE IM. KOMISJI EDUKACJI NARODOWEJ W BISKUPCU, zsbiskupiec@interia.pl, http://www.zslo.net.pl, Typ: Liceum ogólnokształcące,Biskupiec
LICEUM OGÓLNOKSZTAŁCĄCE IM. STEFANA ŻEROMSKIEGO, lo@bartoszyce.info, http://www.lo.bartoszyce.info, Typ: Liceum ogólnokształcące,Bartoszyce
LICEUM OGÓLNOKSZTAŁCĄCE IM. WŁADYSŁAWA BRONIEWSKIEGO, zs-sekretariat@zs.lubawa.pl, http://, Typ: Liceum ogólnokształcące,Lubawa
LICEUM OGÓLNOKSZTAŁCĄCE NR I IM. JANA BAŻYŃSKIEGO W OSTRÓDZIE, sekretariat@lo1.ostroda.pl, http://www.lo1.ostroda.pl, Typ: Liceum ogólnokształcące,Ostróda
LICEUM OGÓLNOKSZTAŁCĄCE NR I W ZESPOLE SZKÓŁ ZAWODOWYCH I OGÓLNOKSZTAŁCĄCYCH W MORĄGU, mgzszio@poczta.onet.pl, http://www.moragzszio.com.pl, Typ: Liceum ogólnokształcące,Morąg
LICEUM OGÓLNOKSZTAŁCĄCE NR II IM. LEONA KRUCZKOWSKIEGO, lomorag@poczta.fm, http://www.zsl-13.pl, Typ: Liceum ogólnokształcące,Morąg
LICEUM OGÓLNOKSZTAŁCĄCE NR II W OSTRÓDZIE, zszostroda@poczta.onet.pl, http://www.ekonomik.webd.pl, Typ: Liceum ogólnokształcące,Ostróda
LICEUM OGÓLNOKSZTAŁCĄCE NR II W ZESPOLE SZKÓŁ I PLACÓWEK OŚWIATOWYCH W LIDZBARKU WARMIŃSKIM,, http://, Typ: Liceum ogólnokształcące,LidzbarkWarmiński
LICEUM OGÓLNOKSZTAŁCĄCE NR III W ZESPOLE SZKÓŁ ROLNICZYCH IM. W. WITOSA W OSTRÓDZIE, sekretariat@rolnik.edu.pl, http://www.rolnik.edu.pl, Typ: Liceum ogólnokształcące,Ostróda
LICEUM OGÓLNOKSZTAŁCĄCE NR IV W ZESPOLE SZKÓŁ ZAWODOWYCH IM. STANISŁAWA STASZICA I CENTRUM KSZTAŁCENIA USTAWICZNEGO W OSTRÓDZIE, staszicostroda@poczta.onet.pl, http://www.staszic.ostroda.pl, Typ: Liceum ogólnokształcące,Ostróda
LICEUM OGÓLNOKSZTAŁCĄCE PATOS, patoslubin@wp.pl, http://, Typ: Liceum ogólnokształcące,Olsztyn
LICEUM OGÓLNOKSZTAŁCĄCE STOWARZYSZENIA PRZYJACIÓŁ SZKÓŁ KATOLICKICH, biuro@spsk.edu.pl, http://www.spsk.edu.pl, Typ: Liceum ogólnokształcące,Bartoszyce
LICEUM OGÓLNOKSZTAŁCĄCE TEB EDUKACJA, olsztyn@teb-edukacja.pl, http://, Typ: Liceum ogólnokształcące,Olsztyn
LICEUM OGÓLNOKSZTAŁCĄCE TEB EDUKACJA DLA DOROSŁYCH W OLSZTYNIE, olsztyn@teb.pl, http://www.teb.pl, Typ: Liceum ogólnokształcące,Olsztyn
LICEUM OGÓLNOKSZTAŁCĄCE W BARCZEWIE,, http://www.lo.barczewo.pl, Typ: Liceum ogólnokształcące,Barczewo
LICEUM OGÓLNOKSZTAŁCĄCE W BARTOSZYCACH, bartoszyce@wmzdz.pl, http://szkolabartoszyce.wmzdz.pl, Typ: Liceum ogólnokształcące,Bartoszyce
LICEUM OGÓLNOKSZTAŁCĄCE W BIAŁEJ PISKIEJ W ZESPOLE SZKÓŁ NR 1 W BIAŁEJ PISKIEJ, sekretariat@zsnr1bialapiska.pl, http://www.zsnr1bialapiska.pl, Typ: Liceum ogólnokształcące,BiałaPiska
LICEUM OGÓLNOKSZTAŁCĄCE W DOBRYM MIEŚCIE, zsdm@zsdm.edu.pl, http://www.zsdm.edu.pl, Typ: Liceum ogólnokształcące,DobreMiasto
LICEUM OGÓLNOKSZTAŁCĄCE W EŁKU, sekretariat@zss.elk.pl, http://www.zss.elk.edu.pl, Typ: Liceum ogólnokształcące,Ełk
LICEUM OGÓLNOKSZTAŁCĄCE W GÓROWIE IŁAWECKIM, zsgorowoil@wp.pl, http://www.zsgorowoil.edupage.org, Typ: Liceum ogólnokształcące,GórowoIławeckie
LICEUM OGÓLNOKSZTAŁCĄCE W ORZYSZU W ZESPOLE SZKÓŁ OGÓLNOKSZTAŁCĄCYCH W ORZYSZU, lo@orzysz.pl, http://, Typ: Liceum ogólnokształcące,Orzysz
LICEUM OGÓLNOKSZTAŁCĄCE W PISZU ZAKŁADU DOSKONALENIA ZAWODOWEGO W BIAŁYMSTOKU, pisz@zdz.bialystok.pl, http://www.pisz.zdz.bialystok.pl, Typ: Liceum ogólnokształcące,Pisz
LICEUM OGÓLNOKSZTAŁCĄCE W RESZLU, rataj@zsreszel.pl, http://www.zsreszel.pl, Typ: Liceum ogólnokształcące,Reszel
LICEUM OGÓLNOKSZTAŁCĄCE W ROZOGACH, zsrozogi@interia.pl, http://zsrozogi.pl, Typ: Liceum ogólnokształcące,Rozogi
LICEUM OGÓLNOKSZTAŁCĄCE W RUCIANEM-NIDZIE W ZESPOLE SZKÓŁ LEŚNYCH W RUCIANEM-NIDZIE, zsdilsz@wp.pl, http://www.zsl.org.pl, Typ: Liceum ogólnokształcące,Ruciane-Nida
LICEUM OGÓLNOKSZTAŁCĄCE W ZESPOLE SZKÓŁ OGÓLNOKSZTAŁCĄCYCH W LIDZBARKU WARMIŃSKIM,, http://, Typ: Liceum ogólnokształcące,LidzbarkWarmiński
LICEUM OGÓLNOKSZTAŁCĄCE W ZESPOLE SZKÓŁ OGÓLNOKSZTAŁCĄCYCH W NIDZICY, lo_nidzica@poczta.onet.pl, http://, Typ: Liceum ogólnokształcące,Nidzica
LICEUM OGÓLNOKSZTAŁCĄCE W ZESPOLE SZKÓŁ ROLNICZYCH I OGÓLNOKSZTAŁCĄCYCH W JAGARZEWIE,, http://, Typ: Liceum ogólnokształcące,Janowo
LICEUM OGÓLNOKSZTAŁCĄCE W ZESPOLE SZKÓŁ TECHNICZNYCH I OGÓLNOKSZTAŁCĄCYCH IM. KS. EDMUNDA DOMAŃSKIEGO W IŁOWIE - OSADZIE, zszilowo@mailbox.olsztyn.pl, http://www.zszilowo.edu.pl, Typ: Liceum ogólnokształcące,Iłowo-Osada
LICEUM OGÓLNOKSZTAŁCĄCE W ZESPOLE SZKÓŁ ZAWODOWYCH I OGÓLNOKSZTAŁCĄCYCH W NIDZICY, zsziownidzicy@interia.pl, http://, Typ: Liceum ogólnokształcące,Nidzica
LICEUM OGÓLNOKSZTAŁCĄCE Z ODDZIAŁAMI DWUJĘZYCZNYMI  IM. K. K.  BACZYŃSKIEGO W LIDZBARKU, lidzbarklo3@wp.pl, http://www.lolidzbark.cba.pl, Typ: Liceum ogólnokształcące,Lidzbark
LICEUM OGÓLNOKSZTAŁCĄCE Z UKRAIŃSKIM JĘZYKIEM NAUCZANIA W GÓROWIE IŁAWECKIM, sekretariat@szkolazdumka.pl, http://www.szkolazdumka.pl, Typ: Liceum ogólnokształcące,GórowoIławeckie
LICEUM OGÓLNOKSZTAŁCĄCE ZAKŁADU DOSKONALENIA ZAWODOWEGO W BIAŁYMSTOKU Z SIEDZIBĄ W EŁKU, elk@zdz.bialystok.pl, http://zdz.bialystok.pl/elk, Typ: Liceum ogólnokształcące,Ełk
LICEUM OGÓLNOKSZTAŁCĄCE ZAKŁADU DOSKONALENIA ZAWODOWEGO W BIAŁYMSTOKU Z SIEDZIBĄ W GIŻYCKU, gizycko@zdz.bialystok.pl, http://www.gizycko.zdz.bialystok.pl, Typ: Liceum ogólnokształcące,Giżycko
LICEUM OGÓLNOKSZTAŁCĄCE ZAOCZNE MAZURSKO-PODLASKIEGO CENTRUM EDUKACJI, mpcegoldap@wp.pl, http://, Typ: Liceum ogólnokształcące,Gołdap
LICEUM OGÓLNOKSZTAŁCĄCE ZAOCZNE W OLSZTYNIE, sekretariat@zso2.olsztyn.eu, http://www.4lo.pl, Typ: Liceum ogólnokształcące,Olsztyn
LICEUM OGÓLNOKSZTAŁCĄCEGO DLA DOROSŁYCH ZAKŁADU DOSKONALENIA ZAWODOWEGO W BIAŁYMSTOKU Z SIEDZIBĄ W EŁKU, elk@zdz.bialystok.pl, http://zdz.bialystok.pl/elk, Typ: Liceum ogólnokształcące,Ełk
LICEUM OGÓLNOSZTAŁCĄCE DLA DOROSŁYCH, zspjeziorany@wp.pl, http://www.zspjeziorany.szkolnastrona.pl, Typ: Liceum ogólnokształcące,Jeziorany
LICEUM PROFILOWANE,, http://, Typ: Liceum profilowane,Szczytno
MEDYCZNA SZKOŁA POLICEALNA "COSINUS" W OLSZTYNIE, olsztyn@cosinus.pl, http://, Typ: Szkoła policealna,Olsztyn
MEDYCZNA SZKOŁA ZAWODOWA PROMEDICA, sekretariat@szkola-promedica.pl, http://www.szkola-promedica.pl, Typ: Szkoła policealna,Olsztyn
NIEPUBLICZNA POLICEALNA SZKOŁA ZAWODOWA "ŻAK", olsztyn@zak.edu.pl, http://www.zak.edu.pl, Typ: Szkoła policealna,Olsztyn
NIEPUBLICZNA SZKOŁA POLICEALNA CENTRUM EDUKACJI ZAWODOWEJ W OLSZTYNIE,, http://, Typ: Szkoła policealna,Olsztyn
NIEPUBLICZNA SZKOŁA POLICEALNA W LIDZBARKU WARMIŃSKIM, d_lange@interia.pl, http://www.cez.olsztyn.pl, Typ: Szkoła policealna,LidzbarkWarmiński
NIEPUBLICZNE LICEUM OGOLNOKSZTAŁCĄCE DLA DOROSŁYCH W BARTOSZYCACH, bartoszyce@wmzdz.pl, http://www.szkolabartoszyce.pl, Typ: Liceum ogólnokształcące,Bartoszyce
NIEPUBLICZNE LICEUM OGÓLNOKSZTAŁCĄCE  REGENT Z ODDZIAŁAMI DWUJĘZYCZNYMI W ELBLĄGU, liceum@regent.edu.pl, http://liceum.regent.edu.pl, Typ: Liceum ogólnokształcące,Elbląg
NIEPUBLICZNE LICEUM OGÓLNOKSZTAŁCĄCE "PLATON" W OLSZTYNIE, ewa1234-74@tlen.pl, http://, Typ: Liceum ogólnokształcące,Olsztyn
NIEPUBLICZNE LICEUM OGÓLNOKSZTAŁCĄCE DLA DOROSŁYCH CENTRUM EDUKACJI ZAWODOWEJ W OLSZTYNIE,, http://, Typ: Liceum ogólnokształcące,Olsztyn
NIEPUBLICZNE LICEUM OGÓLNOKSZTAŁCĄCE DLA DOROSŁYCH W LIDZBARKU WARMIŃSKIM, d_lange@interia.pl, http://www.cez.olsztyn.pl, Typ: Liceum ogólnokształcące,LidzbarkWarmiński
NIEPUBLICZNE LICEUM OGÓLNOKSZTAŁCĄCE DLA DOROSŁYCH W PISZU, ce.pisz@op.pl, http://www.ce.pisz.pl, Typ: Liceum ogólnokształcące,Pisz
NOVA LICEUM OGÓLNOKSZTAŁCĄCE DLA DOROSŁYCH W OLSZTYNIE, olsztyn@nova.edu.pl, http://, Typ: Liceum ogólnokształcące,Olsztyn
NOVA POLICEALNA SZKOŁA PROMOCJI KADR DLA DOROSŁYCH W OLSZTYNIE, olsztyn@nova.edu.pl, http://, Typ: Szkoła policealna,Olsztyn
NOVA POLICEALNA SZKOŁA ZAWODOWA DLA DOROSŁYCH W OLSZTYNIE, olsztyn@nova.edu.pl, http://nova.edu.pl, Typ: Szkoła policealna,Olsztyn
OVO LICEUM OGÓLNOKSZTAŁCĄCE DLA DOROSŁYCH W OLSZTYNIE, makari.biuro@wp.pl, http://, Typ: Liceum ogólnokształcące,Olsztyn
OVO POLICEALNA SZKOŁA ZAWODOWA W OLSZTYNIE, makari.biuro@wp.pl, http://, Typ: Szkoła policealna,Olsztyn
PASJA SZKOŁA POLICEALNA, sekretariat@pasjaolsztyn.edu.pl, http://pasjaolsztyn.edu.pl, Typ: Szkoła policealna,Olsztyn
PASJA SZKOŁA POLICEALNA DLA MŁODZIEŻY, sekretariat@pasjaolsztyn.edu.pl, http://, Typ: Szkoła policealna,Olsztyn
POLICEALNA SZKOŁA TEB EDUKACJA, olsztyn@teb-edukacja.pl, http://www.teb.pl, Typ: Szkoła policealna,Olsztyn
POLICEALNE MEDYCZNE STUDIUM ZAWODOWE "FAMA" DLA DOROSŁYCH W OLSZTYNIE, sekretariat@fama.olsztyn.pl, http://www.fama.olsztyn.pl, Typ: Szkoła policealna,Olsztyn
POLICEALNE MEDYCZNE STUDIUM ZAWODOWE "FAMA" W OLSZTYNIE, sekretariat@fama.olsztyn.pl, http://www.fama.olsztyn.pl, Typ: Szkoła policealna,Olsztyn
POLICEALNE STUDIUM PRZEDSIĘBIORCZOŚCI I ZARZĄDZANIA W EŁKU, elkforum_edu@wp.pl, http://, Typ: Szkoła policealna,Ełk
POLICEALNE STUDIUM ZAWODOWE "COGITO", cogito@cogito.olsztyn.pl, http://www.cogito.olsztyn.pl, Typ: Szkoła policealna,Olsztyn
POLICEALNE STUDIUM ZAWODOWE "FAMA", sekretariat@fama.olsztyn.pl, http://www.fama.olsztyn.pl, Typ: Szkoła policealna,Olsztyn
POLICEALNE STUDIUM ZAWODOWE W PISZU,, http://, Typ: Szkoła policealna,Pisz
POLICEALNE STUDIUM ZAWODOWE W SZCZYTNIE,, http://, Typ: Szkoła policealna,Szczytno
POLSKA SZKOŁA OPIEKUNÓW MEDYCZNYCH, SZKOLA.PSOM@GMAIL.COM, http://www.psom.olsztyn.pl, Typ: Szkoła policealna,Olsztyn
POLSKIE TOWARZYSTWO EKONOMICZNE POLICEALNA SZKOŁA ZAWODOWA W OLSZTYNIE, pte@pteolsztyn.edu.pl, http://www.pteolsztyn.edu.pl, Typ: Szkoła policealna,Olsztyn
POMORSKIE TOWARZYSTWO EDUKACYJNE "FAMA" STUDIUM POLICEALNE "FAMA", sekretariat@fama.olsztyn.pl, http://www.fama.olsztyn.pl, Typ: Szkoła policealna,Olsztyn
PRYMUS LICEUM OGÓLNOKSZTAŁCĄCE DLA DOROSŁYCH W OLSZTYNIE, wernitospzoo@gmail.com, http://, Typ: Liceum ogólnokształcące,Olsztyn
PRYMUS LICEUM OGÓLNOKSZTAŁCĄCE DLA MŁODZIEŻY W OLSZTYNIE, wernitospzoo@gmail.com, http://, Typ: Liceum ogólnokształcące,Olsztyn
PRYMUS POLICEALNA SZKOŁA ZAWODOWA W OLSZTYNIE, wernitospzoo@gmail.com, http://, Typ: Szkoła policealna,Olsztyn
PRYWATNE LICEUM OGÓLNOKSZTAŁCĄCE DLA DOROSŁYCH "COGITO", cogito@cogito.olsztyn.pl, http://www.cogito.olsztyn.pl, Typ: Liceum ogólnokształcące,Olsztyn
PRYWATNE LICEUM OGÓLNOKSZTAŁCĄCE DLA DOROSŁYCH K.L.J. MOCARSCY - JAROMIR MOCARSKI, liceum@mocarscy.edu.pl, http://www.mocarscy.edu.pl, Typ: Liceum ogólnokształcące,Olsztyn
PRYWATNE LICEUM OGÓLNOKSZTAŁCĄCE DLA DOROSŁYCH W DZIAŁDOWIE, sekretariatlo@vp.pl, http://, Typ: Liceum ogólnokształcące,Działdowo
PRYWATNE POLICEALNE STUDIUM "COSINUS" W ELBLĄGU, elblag@cosinus.pl, http://, Typ: Szkoła policealna,Elbląg
PUBLICZNA POLICEALNA SZKOŁA "COSINUS PLUS" W OLSZTYNIE, olsztyn@cosinus.pl, http://, Typ: Szkoła policealna,Olsztyn
PUBLICZNE LICEUM OGÓLNOKSZTAŁCĄCE ZAKONU PIJARÓW, elblagpijarzy@wp.pl, http://www.elblag.pijarzy.pl, Typ: Liceum ogólnokształcące,Elbląg
SALEZJAŃSKIE LICEUM OGÓLNOKSZTAŁCĄCE IM. ŚW. DOMINIKA SAVIO W OSTRÓDZIE, slo.ostroda2@wp.pl, http://www.ostroda.salezjanie.pl, Typ: Liceum ogólnokształcące,Ostróda
SAMORZĄDOWE LICEUM OGÓLNOKSZTAŁCĄCE W WYDMINACH,, http://, Typ: Liceum ogólnokształcące,Wydminy
SPECJALNA SZKOŁA POLICEALNA NR 3, osw_gluchych_olecko@poczta.fm, http://www.oswg.olecko.pl, Typ: Szkoła policealna,Olecko
SPOŁECZNE LICEUM OGÓLNOKSZTAŁCĄCE IM. MARION DÖNHOFF W MIKOŁAJKACH, szkoly.sto.mikolajki@poczta.fm, http://WWW.STO-MIKOLAJKI.PL, Typ: Liceum ogólnokształcące,Mikołajki
SPOŁECZNE LICEUM OGÓLNOKSZTAŁCĄCE SPOŁECZNEGO TOWARZYSTWA OŚWIATOWEGO, zssto-olecko@wp.pl, http://www.spoleczna.olecko.edu.pl, Typ: Liceum ogólnokształcące,Olecko
STACJONARNA POLICEALNA SZKOŁA MEDYCZNA "PASCAL" W EŁKU, a.lampka@pascal.edu.pl, http://, Typ: Szkoła policealna,Ełk
STACJONARNA POLICEALNA SZKOŁA MEDYCZNA PASCAL W OSTRÓDZIE, ostroda@pascal.edu.pl, http://www.pascal.edu.pl, Typ: Szkoła policealna,Ostróda
STUDIUM MEDYCZNE TEB EDUKACJA, olsztyn@teb-edukacja.pl, http://www.teb.pl, Typ: Szkoła policealna,Olsztyn
STUDIUM OBSŁUGI CELNEJ W EŁKU, elkforum_edu@wp.pl, http://, Typ: Szkoła policealna,Ełk
STUDIUM POLICEALNE "OSKAR", oskar@oskar.olsztyn.pl, http://www.oskar.olsztyn.pl, Typ: Szkoła policealna,Olsztyn
STUDIUM POLICEALNE EUROPEJSKIEGO INSTYTUTU NAUK STOSOWANYCH W OLSZTYNIE, sekretariat@e-instytut.com.pl, http://, Typ: Szkoła policealna,Olsztyn
SZKOŁA MISTRZOSTWA SPORTOWEGO LICEUM OGÓLNOKSZTAŁCĄCE W OSTRÓDZIE, smsostroda@wp.pl, http://www.smsostroda.pl, Typ: Liceum ogólnokształcące,Ostróda
SZKOŁA POLICEALNA, zssusz@wp.pl, http://www.zssusz.home.pl, Typ: Szkoła policealna,Susz
SZKOŁA POLICEALNA, sekretariat@zsnr1bialapiska.pl, http://www.zsnr1bialapiska.pl, Typ: Szkoła policealna,BiałaPiska
SZKOŁA POLICEALNA,, http://, Typ: Szkoła policealna,Nidzica
SZKOŁA POLICEALNA, zszbraniewo@o2.pl, http://www.zszbraniewo.pl, Typ: Szkoła policealna,Braniewo
SZKOŁA POLICEALNA, sekretariat@zsb.iq.pl, http://www.zsb.iq.pl, Typ: Szkoła policealna,Braniewo
SZKOŁA POLICEALNA, kisielicerol@pro.onet.pl, http://www.zsr-kisielice.pl, Typ: Szkoła policealna,Kisielice
SZKOŁA POLICEALNA, zsimc.k.norwida@wp.pl, http://www.norwid.eu, Typ: Szkoła policealna,NoweMiastoLubawskie
SZKOŁA POLICEALNA  IM.JADWIGI ROMANOWSKIEJ, studium@medyk-elblag.pl, http://www.medyk-elblag.pl, Typ: Szkoła policealna,Elbląg
SZKOŁA POLICEALNA  NR 2 W IŁAWIE, zsilawa@powiat-ilawski.pl, http://www.zsilawa.pl, Typ: Szkoła policealna,Iława
SZKOŁA POLICEALNA "COSINUS  PLUS" W ELBLĄGU, elblag@cosinus.pl, http://www.cosinus.pl, Typ: Szkoła policealna,Elbląg
SZKOŁA POLICEALNA "COSINUS PLUS" W OLSZTYNIE, m.mielczarek@cosinus.pl, http://www.cosinus.pl, Typ: Szkoła policealna,Olsztyn
SZKOŁA POLICEALNA ADMINISTRACJI " ŻAK", elblag@zak.edu.pl, http://www.elblag.zak.edu.pl, Typ: Szkoła policealna,Elbląg
SZKOŁA POLICEALNA BEZPIECZEŃSTWA I HIGIENY PRACY "ŻAK", elblag@zak.edu.pl, http://www.elblag.zak.edu.pl, Typ: Szkoła policealna,Elbląg
SZKOŁA POLICEALNA CENTRUM NAUKI I BIZNESU "ŻAK", elblag@zak.edu.pl, http://www.elblag.zak.edu.pl, Typ: Szkoła policealna,Elbląg
SZKOŁA POLICEALNA CENTRUM NAUKI I BIZNESU "ŻAK" W OLSZTYNIE, olsztyn@zak.edu.pl, http://www.zak.edu.pl, Typ: Szkoła policealna,Olsztyn
SZKOŁA POLICEALNA DLA DOROSŁYCH "STOPKA" W IŁAWIE, studiumstopka@wp.pl, http://, Typ: Szkoła policealna,Iława
SZKOŁA POLICEALNA IM. GEN. JANA HENRYKA DĄBROWSKIEGO W DOBROCINIE, sekret.dobrocin@interia.pl, http://, Typ: Szkoła policealna,Małdyty
SZKOŁA POLICEALNA IM. HANNY CHRZANOWSKIEJ, sekretmsz@wp.pl, http://www.medykgizycko.mazury.edu.pl, Typ: Szkoła policealna,Giżycko
SZKOŁA POLICEALNA IM. NOBLISTÓW POLSKICH, sekretariat@zszkurzetnik.pl, http://www.zszkurzetnik.pl, Typ: Szkoła policealna,Kurzętnik
SZKOŁA POLICEALNA IM. PROF. ZBIGNIEWA RELIGI W OLSZTYNIE, sekretariat@medyk.olsztyn.pl, http://www.medyk.olsztyn.pl, Typ: Szkoła policealna,Olsztyn
SZKOŁA POLICEALNA IM.JADWIGI ROMANOWSKIEJ, studium@medyk-elblag.pl, http://www.medyk-elblag.pl, Typ: Szkoła policealna,Elbląg
SZKOŁA POLICEALNA KOSMETYCZNA "ŻAK", elblag@zak.edu.pl, http://www.elblag.zak.edu.pl, Typ: Szkoła policealna,Elbląg
SZKOŁA POLICEALNA KOSMETYCZNA "ŻAK", olsztyn@zak.edu.pl, http://www.zak.edu.pl, Typ: Szkoła policealna,Olsztyn
SZKOŁA POLICEALNA MEDYCZNA "ŻAK" W OLSZTYNIE, olsztyn@zak.edu.pl, http://, Typ: Szkoła policealna,Olsztyn
SZKOŁA POLICEALNA NR 1, liceumilawa@poczta.onet.pl, http://, Typ: Szkoła policealna,Iława
SZKOŁA POLICEALNA NR 1, liceum@lowegorzewo.pl, http://www.lowegorzewo.pl, Typ: Szkoła policealna,Węgorzewo
SZKOŁA POLICEALNA NR 1, zsliz.olecko1@gmail.com, http://www.zsliz.olecko.szkolnastrona.pl, Typ: Szkoła policealna,Olecko
SZKOŁA POLICEALNA NR 1, zszgoldap@post.pl, http://, Typ: Szkoła policealna,Gołdap
SZKOŁA POLICEALNA NR 1 SPECJALNA DLA UCZNIÓW NIESŁYSZĄCYCH W OLSZTYNIE, oswnies@poczta.onet.pl, http://www.oswnies.olsztyn.pl, Typ: Szkoła policealna,Olsztyn
SZKOŁA POLICEALNA NR 1 W ZESPOLE SZKÓŁ W PASŁĘKU, zspaslek@wp.pl, http://zspaslek.edu.pl, Typ: Szkoła policealna,Pasłęk
SZKOŁA POLICEALNA NR 1 W ZESPOLE SZKÓŁ ZAWODOWYCH CKU W ORNECIE,, http://, Typ: Szkoła policealna,Orneta
SZKOŁA POLICEALNA NR 1 W ZESPOLE SZKÓŁ ZAWODOWYCH W LIDZBARKU WARMIŃSKIM,, http://, Typ: Szkoła policealna,LidzbarkWarmiński
SZKOŁA POLICEALNA NR 2, zszwegorzewo@pro.onet.pl, http://www.zszwegorzewo.pl, Typ: Szkoła policealna,Węgorzewo
SZKOŁA POLICEALNA NR 2, zst@zst.olecko.pl, http://www.zst.olecko.pl, Typ: Szkoła policealna,Olecko
SZKOŁA POLICEALNA NR 2 W MORĄGU, lomorag@poczta.fm, http://www.zsl-13.pl, Typ: Szkoła policealna,Morąg
SZKOŁA POLICEALNA NR 2 W OSTRÓDZIE, zszostroda@poczta.onet.pl, http://www.ekonomik.webd.pl, Typ: Szkoła policealna,Ostróda
SZKOŁA POLICEALNA NR 2 W ZESPOLE SZKÓŁ I PLACÓWEK OŚWIATOWYCH W LIDZBARKU WARMIŃSKIM,, http://, Typ: Szkoła policealna,LidzbarkWarmiński
SZKOŁA POLICEALNA NR 2 W ZESPOLE SZKÓŁ OGÓLNOKSZTAŁCĄCYCH W ORNECIE, zso.orneta@op.pl, http://zsoorneta.szkolnastrona.pl, Typ: Szkoła policealna,Orneta
SZKOŁA POLICEALNA NR 3 W OLSZTYNIE, sekretariat@ekonomik.olsztyn.pl, http://www.ekonomik.olsztyn.pl, Typ: Szkoła policealna,Olsztyn
SZKOŁA POLICEALNA NR 3 W ZESPOLE SZKÓŁ ROLNICZYCH IM. W. WITOSA W OSTRÓDZIE, sekretariat@rolnik.edu.pl, http://www.rolnik.edu.pl, Typ: Szkoła policealna,Ostróda
SZKOŁA POLICEALNA NR 4 W GIŻYCKU, cku11_gizycko@poczta.onet.pl, http://www.ckziuwg.pl, Typ: Szkoła policealna,Giżycko
SZKOŁA POLICEALNA NR 5 DLA DOROSŁYCH W EŁKU, ekonomiak@gmail.com, http://zs5.elk.pl, Typ: Szkoła policealna,Ełk
SZKOŁA POLICEALNA NR 7 TOWARZYSTWA WIEDZY POWSZECHNEJ, twp@twp.olsztyn.pl, http://twp.olsztyn.pl, Typ: Szkoła policealna,Olsztyn
SZKOŁA POLICEALNA NR 7 W EŁKU, sekretariat@ckpiu.pl, http://ckpiu.pl, Typ: Szkoła policealna,Ełk
SZKOŁA POLICEALNA OPIEKI MEDYCZNEJ "ŻAK" W ELBLĄGU, elblag@zak.edu.pl, https://elblag.zak.edu.pl, Typ: Szkoła policealna,Elbląg
SZKOŁA POLICEALNA PRO MEDICA, sekretariat@szkola-promedica.pl, http://www.szkola-promedica.pl, Typ: Szkoła policealna,Olsztyn
SZKOŁA POLICEALNA PTE, pte@pteolsztyn.edu.pl, http://www.pteolsztyn.edu.pl, Typ: Szkoła policealna,Olsztyn
SZKOŁA POLICEALNA STUDIUM PRACOWNIKÓW MEDYCZNYCH I SPOŁECZNYCH, info@oswiatalingwista.eu, http://www.oswiatalingwista.eu, Typ: Szkoła policealna,Olsztyn
SZKOŁA POLICEALNA TOWARZYSTWA WIEDZY POWSZECHNEJ W KĘTRZYNIE, twpketrzyn@wp.pl, http://, Typ: Szkoła policealna,Kętrzyn
SZKOŁA POLICEALNA W BARTOSZYCACH, bartoszyce@wmzdz.pl, http://szkolabartoszyce.wmzdz.pl, Typ: Szkoła policealna,Bartoszyce
SZKOŁA POLICEALNA W BRANIEWIE, braniewo@wmzdz.pl, http://www.szkolabraniewo.pl, Typ: Szkoła policealna,Braniewo
SZKOŁA POLICEALNA W CENTRUM KSZTAŁCENIA USTAWICZNEGO W OSTRÓDZIE, cku2002@poczta.onet.pl, http://www.ckuostroda.pl, Typ: Szkoła policealna,Ostróda
SZKOŁA POLICEALNA W DZIAŁDOWIE, cku@darsa.pl, http://www.edukacja.darsa.pl, Typ: Szkoła policealna,Działdowo
SZKOŁA POLICEALNA W EŁKU, medstud@vp.pl, http://www.medyk.lh.pl, Typ: Szkoła policealna,Ełk
SZKOŁA POLICEALNA W EŁKU, medstud@vp.pl, http://www.medyk.lh.pl, Typ: Szkoła policealna,Ełk
SZKOŁA POLICEALNA W GÓROWIE IŁAWECKIM, zsgorowoil@wp.pl, http://www.zsgorowoil.edupage.org, Typ: Szkoła policealna,GórowoIławeckie
SZKOŁA POLICEALNA W IŁAWIE, ilawa@wmzdz.pl, http://www.szkolailawa.pl, Typ: Szkoła policealna,Iława
SZKOŁA POLICEALNA W KĘTRZYNIE,, http://, Typ: Szkoła policealna,Kętrzyn
SZKOŁA POLICEALNA W KĘTRZYNIE, ketrzyn@wmzdz.pl, http://, Typ: Szkoła policealna,Kętrzyn
SZKOŁA POLICEALNA W LIDZBARKU WARMIŃSKIM, lidzbark@wmzdz.pl, http://, Typ: Szkoła policealna,LidzbarkWarmiński
SZKOŁA POLICEALNA W LUBAWIE, zs-sekretariat@zs.lubawa.pl, http://www.zs.lubawa.pl, Typ: Szkoła policealna,Lubawa
SZKOŁA POLICEALNA W LUBAWIE, biuro@wkl.edu.pl, http://, Typ: Szkoła policealna,Lubawa
SZKOŁA POLICEALNA W MRĄGOWIE,, http://, Typ: Szkoła policealna,Mrągowo
SZKOŁA POLICEALNA W NIDZICY,, http://, Typ: Szkoła policealna,Nidzica
SZKOŁA POLICEALNA W OLSZTYNIE, bp@wmzdz.pl, http://www.wmzdz.pl, Typ: Szkoła policealna,Olsztyn
SZKOŁA POLICEALNA W PISZU W ZESPOLE PLACÓWEK KSZTAŁCENIA USTAWICZNEGO W PISZU, zpku@powiat.pisz.pl, http://www.zpkupisz.szkolnastrona.pl, Typ: Szkoła policealna,Pisz
SZKOŁA POLICEALNA W ZESPOLE SZKÓŁ IM. EMILII SUKERTOWEJ - BIEDRAWINY W MALINOWIE, zs_malinowo@op.pl, https://zsmalinowo.com/, Typ: Szkoła policealna,Działdowo
SZKOŁA POLICEALNA W ZESPOLE SZKÓŁ ZAWODOWYCH I OGÓLNOKSZTAŁCĄCYCH W MORĄGU, mgzszio@poczta.onet.pl, http://www.moragzszio.com.pl, Typ: Szkoła policealna,Morąg
SZKOŁA POLICEALNA WCHODZĄCA W SKŁAD CENTRUM KSZTAŁCENIA ZAWODOWEGO I USTAWICZNEGO W ELBLĄGU, ckziu@elblag.eu, http://, Typ: Szkoła policealna,Elbląg
SZKOŁA POLICEALNA WCHODZĄCA W SKŁAD ZESPOŁU SZKÓL INŻYNIERII  ŚRODOWISKA I USŁUG W ELBLĄGU, zsisiu@elblag.eu, http://, Typ: Szkoła policealna,Elbląg
SZKOŁA POLICEALNA WCHODZĄCA W SKŁAD ZESPOŁU SZKÓŁ EKONOMICZNYCH I OGÓLNOKSZTAŁCĄCYCH W ELBLĄGU, zseio@elblag.eu, http://, Typ: Szkoła policealna,Elbląg
SZKOŁA POLICEALNA WCHODZĄCA W SKŁAD ZESPOŁU SZKÓŁ MECHANICZNYCH W ELBLĄGU, zsm@elblag.eu, http://, Typ: Szkoła policealna,Elbląg
SZKOŁA POLICEALNA WCHODZĄCA W SKŁAD ZESPOŁU SZKÓŁ TECHNICZNO-INFORMATYCZNYCH W ELBLĄGU, zsti@elblag.eu, http://, Typ: Szkoła policealna,Elbląg
SZKOŁA POLICEALNA- LEŚNA, zsdilsz@wp.pl, http://www.zsl.org.pl, Typ: Szkoła policealna,Ruciane-Nida
TECHNIKUM, zslidzbark@vp.pl, http://www.zslidzbark.edu.pl, Typ: Technikum,Lidzbark
TECHNIKUM, kisielicerol@pro.onet.pl, http://www.zsr-kisielice.pl, Typ: Technikum,Kisielice
TECHNIKUM, zs-sekretariat@zs.lubawa.pl, http://, Typ: Technikum,Lubawa
TECHNIKUM, zszgoldap@post.pl, http://, Typ: Technikum,Gołdap
TECHNIKUM, zssusz@wp.pl, http://www.zssusz.home.pl, Typ: Technikum,Susz
TECHNIKUM, zsp2@vp.pl, http://zso.bartoszyce.com.pl, Typ: Technikum,Bartoszyce
TECHNIKUM, sekretariat.zszbraniewo@gmail.com, http://www.zszbraniewo.pl, Typ: Technikum,Braniewo
TECHNIKUM, zs2szczytno@poczta.onet.pl, http://zs2.powiatszczycienski.pl/, Typ: Technikum,Szczytno
TECHNIKUM, sekretariat@mechaniak.edu.pl, http://www.mechaniak.edu.pl, Typ: Technikum,Bartoszyce
TECHNIKUM,, http://, Typ: Technikum,Szczytno
TECHNIKUM  WCHODZĄCE W SKŁAD ZESPOŁU SZKÓŁ INŻYNIERII ŚRODOWISKA I USŁUG IM. MIKOŁAJA KOPERNIKA W ELBLĄGU, zsisiu@elblag.eu, http://www.zsisiu.elblag.com.pl, Typ: Technikum,Elbląg
TECHNIKUM  WCHODZĄCE W SKŁAD ZESPOŁU SZKÓŁ TECHNICZNO-INFORMATYCZNYCH W ELBLĄGU, zsti@elblag.eu, http://zsti.elblag.pl, Typ: Technikum,Elbląg
TECHNIKUM "BIO-COSMETICS-STUDIO" W OLSZTYNIE, bcs@bcs.olsztyn.pl, http://www.bcsinfowm.pl, Typ: Technikum,Olsztyn
TECHNIKUM AGROBIZNESU W ZESPOLE SZKÓŁ ROLNICZYCH I OGÓLNOKSZTAŁCĄCYCH W JAGARZEWIE,, http://, Typ: Technikum,Janowo
TECHNIKUM HOTELARSKO-GASTRONOMICZNE NR 1 W OLSZTYNKU, zs.olsztynek@zamek.edu.pl, http://www.zamek.edu.pl, Typ: Technikum,Olsztynek
TECHNIKUM IM. 9 BRANIEWSKIEJ BRYGADY KAWALERII PANCERNEJ IM. KRÓLA STEFANA BATOREGO, sekretariat@zsb.iq.pl, http://www.zsb.iq.pl, Typ: Technikum,Braniewo
TECHNIKUM IM. FLAGI POLSKI WCHODZĄCE W SKŁAD ZESPOŁU SZKÓŁ EKONOMICZNYCH I OGÓLNOKSZTAŁCĄCYCH W ELBLĄGU, zseio@elblag.eu, http://, Typ: Technikum,Elbląg
TECHNIKUM IM. GEN. FRANCISZKA KAMIŃSKIEGO W KAROLEWIE, zsckr@karolewo.com, http://www.karolewo.com, Typ: Technikum,Kętrzyn
TECHNIKUM IM. GEN. JANA HENRYKA DĄBROWSKIEGO W DOBROCINIE, sekret.dobrocin@interia.pl, http://, Typ: Technikum,Małdyty
TECHNIKUM IM. NOBLISTÓW POLSKICH, sekretariat@zszkurzetnik.pl, http://www.zszkurzetnik.pl, Typ: Technikum,Kurzętnik
TECHNIKUM INFORMATYCZNE KATOLICKIE IM. ŚWIĘTEJ RODZINY W OLSZTYNIE, lickatol@wp.pl, http://zsk.olsztyn.pl, Typ: Technikum,Olsztyn
TECHNIKUM INFORMATYCZNO-EKONOMICZNE NR 9 W OLSZTYNIE, technikum@cyfroweszkoly.pl, http://, Typ: Technikum,Olsztyn
TECHNIKUM NR 1, zsliz.olecko1@gmail.com, http://www.zsliz.olecko.szkolnastrona.pl, Typ: Technikum,Olecko
TECHNIKUM NR 1, zsksia1@wp.pl, http://www.zsksia.edu.pl, Typ: Technikum,Giżycko
TECHNIKUM NR 1, zsilawa@powiat-ilawski.pl, http://www.zsilawa.pl, Typ: Technikum,Iława
TECHNIKUM NR 1 IM. STANISŁAWA STASZICA W DZIAŁDOWIE, zsnr1@o2.pl, http://www.zsnr1.eu, Typ: Technikum,Działdowo
TECHNIKUM NR 1 W EŁKU, dyrekcjazs1@gmail.com, http://zs1.elk.pl, Typ: Technikum,Ełk
TECHNIKUM NR 1 W KĘTRZYNIE,, http://, Typ: Technikum,Kętrzyn
TECHNIKUM NR 1 W MRĄGOWIE, zs2@post.pl, http://www.mragowo.edu.pl, Typ: Technikum,Mrągowo
TECHNIKUM NR 1 W OLSZTYNIE, zss@zss.olsztyn.eu, http://www.zss.olsztyn.pl, Typ: Technikum,Olsztyn
TECHNIKUM NR 1 W ZESPOLE SZKÓŁ W PASŁĘKU, zspaslek@wp.pl, http://zspaslek.edu.pl, Typ: Technikum,Pasłęk
TECHNIKUM NR 1 W ZESPOLE SZKÓŁ ZAWODOWYCH I OGÓLNOKSZTAŁCĄCYCH W MORĄGU, mgzszio@poczta.onet.pl, http://www.moragzszio.com.pl, Typ: Technikum,Morąg
TECHNIKUM NR 1 W ZESPOLE SZKÓŁ ZAWODOWYCH IM. STANISŁAWA STASZICA I CENTRUM KSZTAŁCENIA USTAWICZNEGO W OSTRÓDZIE, staszicostroda@poczta.onet.pl, http://www.staszic.ostroda.pl, Typ: Technikum,Ostróda
TECHNIKUM NR 1 W ZESPOLE SZKÓŁ ZAWODOWYCH W LIDZBARKU WARMIŃSKIM,, http://, Typ: Technikum,LidzbarkWarmiński
TECHNIKUM NR 2, sekretariat@gizycko.edu.pl, http://www.zseii.edu.pl, Typ: Technikum,Giżycko
TECHNIKUM NR 2, zst@zst.olecko.pl, http://www.zst.olecko.pl, Typ: Technikum,Olecko
TECHNIKUM NR 2, zsilawa@poczta.onet.pl, http://www.zs-ilawa.pl, Typ: Technikum,Iława
TECHNIKUM NR 2 W KĘTRZYNIE,, http://, Typ: Technikum,Kętrzyn
TECHNIKUM NR 2 W MORĄGU, lomorag@poczta.fm, http://www.zsl-13.pl, Typ: Technikum,Morąg
TECHNIKUM NR 2 W MRĄGOWIE, dyrektor@ckziumragowo.pl, http://ckziumragowo.pl, Typ: Technikum,Mrągowo
TECHNIKUM NR 2 W OLSZTYNIE, sekretariat@zseh.olsztyn.eu, http://www.zseh.pl, Typ: Technikum,Olsztyn
TECHNIKUM NR 2 W OSTRÓDZIE, zszostroda@poczta.onet.pl, http://www.ekonomik.webd.pl, Typ: Technikum,Ostróda
TECHNIKUM NR 2 W ZESPOLE SZKÓŁ EKONOMICZNYCH I TECHNICZNYCH W PASŁĘKU, zseitpaslek@elblag.net, http://www.zseit.paslek.edu.pl/, Typ: Technikum,Pasłęk
TECHNIKUM NR 2 W ZESPOLE SZKÓŁ I PLACÓWEK OŚWIATOWYCH W LIDZBARKU WARMIŃSKIM,, http://, Typ: Technikum,LidzbarkWarmiński
TECHNIKUM NR 3, zszgizycko@wp.pl, http://www.zsz.edu.pl, Typ: Technikum,Giżycko
TECHNIKUM NR 3 W OLSZTYNIE, szkola@zsme.olsztyn.eu, http://zsmeolsztyn.pl/, Typ: Technikum,Olsztyn
TECHNIKUM NR 3 W ZESPOLE SZKÓŁ ROLNICZYCH IM. W. WITOSA W OSTRÓDZIE, sekretariat@rolnik.edu.pl, http://www.rolnik.edu.pl, Typ: Technikum,Ostróda
TECHNIKUM NR 4 W EŁKU, zs6@elk.edu.pl, http://zs6.elk.edu.pl, Typ: Technikum,Ełk
TECHNIKUM NR 4 W OLSZTYNIE, sekretariat@zsbolsztyn.pl, http://zsbolsztyn.pl, Typ: Technikum,Olsztyn
TECHNIKUM NR 5 W EŁKU, ekonomiak@gmail.com, http://zs5.elk.pl, Typ: Technikum,Ełk
TECHNIKUM NR 5 W OLSZTYNIE, szkola@zsgs.olsztyn.pl, http://www.zsgs.olsztyn.pl, Typ: Technikum,Olsztyn
TECHNIKUM NR 6 W EŁKU, zsme@elk.edu.pl, http://zsme.elk.edu.pl, Typ: Technikum,Ełk
TECHNIKUM NR 6 W OLSZTYNIE, sekretariat@zset.olsztyn.pl, http://www.zset.olsztyn.pl, Typ: Technikum,Olsztyn
TECHNIKUM NR 7 W OLSZTYNIE, sekretariat@ekonomik.olsztyn.pl, http://www.ekonomik.olsztyn.pl, Typ: Technikum,Olsztyn
TECHNIKUM NR 8 W OLSZTYNIE, zschio@zschio.olsztyn.pl, http://www.zschio.olsztyn.pl, Typ: Technikum,Olsztyn
TECHNIKUM NR 9 SPECJALNE DLA UCZNIÓW Z CHOROBAMI PRZEWLEKŁYMI W OLSZTYNIE, zps4@poczta.onet.pl, http://www.szkolaszpitalna.olsztyn.pl, Typ: Technikum,Olsztyn
TECHNIKUM NR2, zsznr1@hot.pl, https://zsznr1.edupage.org/, Typ: Technikum,Działdowo
TECHNIKUM OBSŁUGI TURYSTYCZ\NEJ, zsriojagarzewo@op.pl, http://, Typ: Technikum,Jagarzewo
TECHNIKUM ROLNICZE W SMOLAJNACH, zsr43@wp.pl, http://www.smolajny.pl, Typ: Technikum,DobreMiasto
TECHNIKUM SPECJALNE NR 3, osw_gluchych_olecko@poczta.fm, http://www.oswg.olecko.pl, Typ: Technikum,Olecko
TECHNIKUM TEB EDUKACJA, olsztyn@teb.pl, http://www.teb.pl, Typ: Technikum,Olsztyn
TECHNIKUM TECHNOLOGII DREWNA W ZESPOLE SZKÓŁ ROLNICZYCH I OGÓLNOKSZTAŁCĄCYCH W JAGARZEWIE,, http://, Typ: Technikum,Janowo
TECHNIKUM W BIAŁEJ PISKIEJ W ZESPOLE SZKÓŁ NR 1 W BIAŁEJ PISKIEJ, sekretariat@zsnr1bialapiska.pl, http://www.zsnr1bialapiska.pl, Typ: Technikum,BiałaPiska
TECHNIKUM W BISKUPCU, zsbiskupiec@ineria.pl, http://www.zslo.net.pl, Typ: Technikum,Biskupiec
TECHNIKUM W DOBRYM MIEŚCIE, zsdm@zsdm.edu.pl, http://www.zsdm.edu.pl, Typ: Technikum,DobreMiasto
TECHNIKUM W NIDZICY, nidzica@wmzdz.pl, http://www.wmzdz.pl, Typ: Technikum,Nidzica
TECHNIKUM W ORZYSZU W ZESPOLE SZKÓŁ OGÓLNOKSZTAŁCĄCYCH W ORZYSZU, lo@orzysz.pl, http://, Typ: Technikum,Orzysz
TECHNIKUM W PISZU W ZESPOLE SZKÓŁ ZAWODOWYCH Z BIBLIOTEKĄ PEDAGOGICZNĄ W PISZU, zszpisz@op.pl, http://www.zsz.pisz.pl, Typ: Technikum,Pisz
TECHNIKUM W RESZLU, rataj@zsreszel.pl, http://www.zsreszel.pl, Typ: Technikum,Reszel
TECHNIKUM W RUCIANEM-NIDZIE W ZESPOLE SZKÓŁ LEŚNYCH W RUCIANEM-NIDZIE, zsdilsz@wp.pl, http://www.zsl.org.pl, Typ: Technikum,Ruciane-Nida
TECHNIKUM W WĘGORZEWIE, zszwegorzewo@pro.onet.pl, http://www.zszwegorzewo.pl, Typ: Technikum,Węgorzewo
TECHNIKUM W ZESPOLE SZKÓŁ IM. EMILII SUKERTOWEJ - BIEDRAWINY W MALINOWIE, zs_malinowo@op.pl, https://zsmalinowo.com/, Typ: Technikum,Działdowo
TECHNIKUM W ZESPOLE SZKÓŁ TECHNICZNYCH I OGÓLNOKSZTAŁCĄCYCH IM. KS. EDMUNDA DOMAŃSKIEGO W IŁOWIE - OSADZIE, zszilowo@mailbox.olsztyn.pl, http://www.zszilowo.edu.pl, Typ: Technikum,Iłowo-Osada
TECHNIKUM W ZESPOLE SZKÓŁ ZAWODOWYCH CKU W ORNECIE,, http://, Typ: Technikum,Orneta
TECHNIKUM W ZESPOLE SZKÓŁ ZAWODOWYCH I OGÓLNOKSZTAŁCĄCYCH W NIDZICY, zsziownidzicy@interia.pl, http://, Typ: Technikum,Nidzica
TECHNIKUM WCHODZĄCE W SKŁAD CENTRUM KSZTAŁCENIA ZAWODOWEGO I USTAWICZNEGO W ELBLĄGU, ckziu@elblag.eu, http://, Typ: Technikum,Elbląg
TECHNIKUM WCHODZĄCE W SKŁAD ZESPOŁU SZKÓŁ GOSPODARCZYCH W ELBLĄGU, zsg@elblag.eu, http://www.zsgelblag.pl, Typ: Technikum,Elbląg
TECHNIKUM WCHODZĄCE W SKŁAD ZESPOŁU SZKÓŁ MECHANICZNYCH W ELBLĄGU, zsm@elblag.eu, http://www.zsm.elblag.pl, Typ: Technikum,Elbląg
TECHNIKUM WCHODZĄCE W SKŁAD ZESPOŁU SZKÓŁ TECHNICZNYCH W ELBLĄGU, zst@elblag.eu, http://, Typ: Technikum,Elbląg
TECHNIKUM WCHODZĄCE W SKŁAD ZESPOŁU SZKÓŁ ZAWODOWYCH NR 1 W ELBLĄGU, zsz1@elblag.eu, http://, Typ: Technikum,Elbląg
TECHNIKUM ZAKŁADU DOSKONALENIA ZAWODOWEGO W BIAŁYMSTOKU Z SIEDZIBĄ W EŁKU, elk@zdz.bialystok.pl, http://zdz.bialystok.pl/elk, Typ: Technikum,Ełk
TECHNIKUM ZAKŁADU DOSKONALENIA ZAWODOWEGO W BIAŁYMSTOKU Z SIEDZIBĄ W GIŻYCKU, gizycko@zdz.bialystok.pl, http://www.gizycko.zdz.bialystok.pl, Typ: Technikum,Giżycko
TECHNIKUM ŻYWIENIA I USŁUG GASTRONOMICZNYCH W ZESPOLE SZKÓŁ ROLNICZYCH I OGÓLNOKSZTAŁCĄCYCH W JAGARZEWIE,, http://, Typ: Technikum,Janowo
V LICEUM OGÓLNOKSZTAŁCĄCE DLA DOROSŁYCH W EŁKU, sekretariatzs2@zs2.elk.pl, http://zs2.elk.pl, Typ: Liceum ogólnokształcące,Ełk
V LICEUM OGÓLNOKSZTAŁCĄCE IM. HALINY POŚWIATOWSKIEJ WCHODZĄCE W SKŁAD ZESPOŁU SZKÓŁ EKONOMICZNYCH I OGÓLNOKSZTAŁCĄCYCH W ELBLĄGU, zseio@elblag.eu, http://, Typ: Liceum ogólnokształcące,Elbląg
V LICEUM OGÓLNOKSZTAŁCĄCE IM. WSPÓLNEJ EUROPY W OLSZTYNIE, sekretariat@lo5.olsztyn.eu, http://www.lo5.olsztyn.eu, Typ: Liceum ogólnokształcące,Olsztyn
VI LICEUM OGÓLNOKSZTAŁCĄCE IM. GABRIELA NARUTOWICZA W OLSZTYNIE, sekretariat@zso6.olsztyn.eu, http://www.lo6.olsztyn.pl, Typ: Liceum ogólnokształcące,Olsztyn
VII LICEUM OGÓLNOKSZTAŁCĄCE W OLSZTYNIE, zschio@zschio.olsztyn.pl, http://www.zschio.olsztyn.pl, Typ: Liceum ogólnokształcące,Olsztyn
X LICEUM OGÓLNOKSZTAŁCĄCE MISTRZOSTWA SPORTOWEGO W OLSZTYNIE, sms@bublewicz.pl, http://www.zso5olsztyn.edu.pl, Typ: Liceum ogólnokształcące,Olsztyn
XI LICEUM OGÓLNOKSZTAŁCĄCE, 11lo@cyfroweszkoly.pl, http://www.cyfroweszkoly.pl, Typ: Liceum ogólnokształcące,Olsztyn
XII LICEUM OGÓLNOKSZTAŁCĄCE, sekretariat@akademickie.olsztyn.pl, http://www.akademickie.olsztyn.pl, Typ: Liceum ogólnokształcące,Olsztyn
XIII LICEUM OGÓLNOKSZTAŁCĄCE KATOLICKIE IM ŚWIĘTEJ RODZINY W OLSZTYNIE, lickatol@wp.pl, http://zsk.olsztyn.pl, Typ: Liceum ogólnokształcące,Olsztyn
XIV LICEUM OGÓLNOKSZTAŁCĄCE SPECJALNE DLA UCZNIÓW NIESŁYSZĄCYCH W OLSZTYNIE, oswnies@poczta.onet.pl, http://oswnies.olsztyn.pl, Typ: Liceum ogólnokształcące,Olsztyn
XV LICEUM OGÓLNOKSZTAŁCĄCE SPECJALNE W OLSZTYNIE, sekretariat@zpe.olsztyn.pl, http://www.zpe.olsztyn.pl, Typ: Liceum ogólnokształcące,Olsztyn
XVI LICEUM OGÓLNOKSZTAŁCĄCE SPECJALNE DLA UCZNIÓW Z CHOROBAMI PRZEWLEKŁYMI W OLSZTYNIE, zps4@poczta.onet.pl, http://www.szkolaszpitalna.olsztyn.pl, Typ: Liceum ogólnokształcące,Olsztyn
XVII LICEUM OGÓLNOKSZTAŁCĄCE SPECJALNE DLA UCZNIÓW Z ZABURZENIAMI PSYCHICZNYMI W OLSZTYNIE, zsspec.olsztyn@wp.pl, http://, Typ: Liceum ogólnokształcące,Olsztyn
ZAOCZNA POLICEALNA SZKOŁA MEDYCZNA "PASCAL" W EŁKU, a.lampka@pascal.edu.pl, http://, Typ: Szkoła policealna,Ełk
ZAOCZNA POLICEALNA SZKOŁA MEDYCZNA PASCAL W OSTRÓDZIE, ostroda@pascal.edu.pl, http://www.pascal.edu.pl, Typ: Szkoła policealna,Ostróda
ZAOCZNA POLICEALNA SZKOŁA ZAWODOWA "PASCAL" W EŁKU, a.lampka@pascal.edu.pl, http://, Typ: Szkoła policealna,Ełk
